report_id,customer_id,order_id,payment_id,report_date
1,74,46,89,8/26/2022
2,51,82,73,11/22/2022
3,61,27,25,2/2/2022
4,70,17,35,11/4/2022
5,98,19,18,5/9/2022
6,72,33,65,6/15/2022
7,35,13,63,12/19/2021
8,29,35,34,11/29/2022
9,59,65,91,8/28/2022
10,50,68,9,12/22/2021
11,99,75,53,12/4/2022
12,92,18,100,12/8/2022
13,97,2,94,8/27/2022
14,80,93,52,8/19/2022
15,36,54,41,6/3/2022
16,57,23,8,9/13/2022
17,7,81,50,6/11/2022
18,66,15,19,6/8/2022
19,60,74,13,7/24/2022
20,16,39,58,11/21/2022
21,89,50,84,10/16/2022
22,52,41,11,7/25/2022
23,41,70,86,9/4/2022
24,95,52,29,9/30/2022
25,79,5,62,5/4/2022
26,32,6,64,10/14/2022
27,88,84,54,8/29/2022
28,69,11,55,8/31/2022
29,68,1,40,6/24/2022
30,8,24,49,12/3/2022
31,58,59,76,2/4/2022
32,22,30,48,2/16/2022
33,77,3,1,8/18/2022
34,44,56,59,10/30/2022
35,67,55,23,8/13/2022
36,100,76,32,5/7/2022
37,31,16,97,3/11/2022
38,53,45,80,1/17/2022
39,45,21,36,2/4/2022
40,33,97,51,3/21/2022
41,1,22,20,1/30/2022
42,19,90,68,1/28/2022
43,6,37,28,6/19/2022
44,17,95,98,5/29/2022
45,91,72,3,2/1/2022
46,25,99,17,2/14/2022
47,26,57,56,1/19/2022
48,54,42,44,7/11/2022
49,75,36,70,6/14/2022
50,4,34,71,3/6/2022
51,71,49,99,5/8/2022
52,63,73,16,3/8/2022
53,87,67,45,6/23/2022
54,90,88,5,8/21/2022
55,62,26,26,2/3/2022
56,84,12,75,2/3/2022
57,34,14,83,10/12/2022
58,12,77,93,6/3/2022
59,96,48,27,2/2/2022
60,15,86,81,10/27/2022
61,5,98,12,12/8/2022
62,24,25,30,8/23/2022
63,39,9,90,12/18/2021
64,93,10,43,4/22/2022
65,40,31,14,8/20/2022
66,20,61,24,2/13/2022
67,56,4,95,6/6/2022
68,37,8,42,3/23/2022
69,11,91,72,6/11/2022
70,76,71,87,4/15/2022
71,46,100,82,4/29/2022
72,64,7,77,7/2/2022
73,21,89,85,12/24/2021
74,94,20,10,1/30/2022
75,18,58,78,11/8/2022
76,42,83,92,4/2/2022
77,55,85,61,11/13/2022
78,43,94,37,3/3/2022
79,14,92,60,3/24/2022
80,2,66,57,10/3/2022
81,81,44,47,11/13/2022
82,86,80,74,12/20/2021
83,85,47,67,4/1/2022
84,49,29,46,5/5/2022
85,78,43,96,5/21/2022
86,48,38,39,8/28/2022
87,10,53,21,10/12/2022
88,73,69,31,9/1/2022
89,65,79,4,8/5/2022
90,28,64,69,2/22/2022
91,27,32,2,9/22/2022
92,9,96,22,11/27/2022
93,30,60,6,8/17/2022
94,23,78,66,8/2/2022
95,3,51,15,6/13/2022
96,38,62,79,1/7/2022
97,83,28,88,9/16/2022
98,47,63,38,8/10/2022
99,82,87,7,2/26/2022
100,32,40,84,11/27/2022
